[{"image": "https://m.media-amazon.com/images/I/51QU4-VREYL._AC_UL320_.jpg", "price": "75", "source": "AMAZON", "title": "RESULTS", "url": "https://www.amazon.in/Ceramic-Flower-vase-fuldani-Table/dp/B09B5921QL/ref=sr_1_1?keywords=flower+vase&qid=1653272076&sr=8-1"}, {"image": "https://m.media-amazon.com/images/I/51MTNvzD-0L._AC_UL320_.jpg", "price": "85", "source": "AMAZON", "title": "ExclusiveLane Terracotta Pots Flower Vases for Living Room Terracotta Decorative for Home & Decorative Vase for Home Decor (8.9 cm x 8.9 cm x 15.2 cm, White)", "url": "https://www.amazon.in/Flower-vase-fuldani-Table-Decoration/dp/B09B5RTQHJ/ref=sr_1_2?keywords=flower+vase&qid=1653272076&sr=8-2"}, {"image": "https://m.media-amazon.com/images/I/51IV8OnmB2L._AC_UL320_.jpg", "price": "89", "source": "AMAZON", "title": "MORE RESULTS", "url": "https://www.amazon.in/Chocolate-Color-Flower-fuldani-Table/dp/B09B58MXQ4/ref=sr_1_3?keywords=flower+vase&qid=1653272076&sr=8-3"}, {"image": "https://m.media-amazon.com/images/I/712ku+HKopL._AC_UL320_.jpg", "price": "1,399", "source": "AMAZON", "title": "Ceramic Flower vase fuldani for Table", "url": "https://www.amazon.in/Ceramic-Handmade-Decorative-Decoration-Kitchen/dp/B07FRMXS2Y/ref=sr_1_4?keywords=flower+vase&qid=1653272076&sr=8-4"}, {"image": "https://m.media-amazon.com/images/I/31c6tjMeH9L._AC_UL320_.jpg", "price": "97", "source": "AMAZON", "title": "Flower vase fuldani for Table and Decoration", "url": "https://www.amazon.in/VR-CREATIVES-Ceramic-Flower-Friends/dp/B084737RSN/ref=sr_1_5?keywords=flower+vase&qid=1653272076&sr=8-5"}, {"image": "flipkart.jpeg", "price": "\u20b963", "source": "FLIPKART", "title": "Laksh C01 Stoneware Vase", "url": "https://www.flipkart.com/laksh-c01-stoneware-vase/p/itm05c9e35858516?pid=VASGBJFTS5WSYRAM&lid=LSTVASGBJFTS5WSYRAM0VFHW0&marketplace=FLIPKART&q=flower+vase&store=arb%2Fg0v%2Ftyl&srno=s_1_1&otracker=search&otracker1=search&fm=organic&iid=c31f3b4c-4b0a-48b3-ae48-34f64436fd61.VASGBJFTS5WSYRAM.SEARCH&ppt=None&ppn=None&ssid=m2keygo8r40000001653272078691&qH=67b71f96e2bd85fd"}, {"image": "flipkart.jpeg", "price": "\u20b969", "source": "FLIPKART", "title": "Tapovann P1 Plastic Vase", "url": "https://www.flipkart.com/tapovann-p1-plastic-vase/p/itm2f517dbada78e?pid=VASGD8KFWYZFH8AJ&lid=LSTVASGD8KFWYZFH8AJG6C21N&marketplace=FLIPKART&q=flower+vase&store=arb%2Fg0v%2Ftyl&srno=s_1_2&otracker=search&otracker1=search&fm=organic&iid=c31f3b4c-4b0a-48b3-ae48-34f64436fd61.VASGD8KFWYZFH8AJ.SEARCH&ppt=None&ppn=None&ssid=m2keygo8r40000001653272078691&qH=67b71f96e2bd85fd"}, {"image": "shopclues.jpeg", "price": "\u20b9220", "source": "SHOPCLUES", "title": "paper Flower pots", "url": "https://bazaar.shopclues.com/"}, {"image": "https://images.shopclues.com/images/ui/madeinindia.png", "price": "\u20b9229", "source": "SHOPCLUES", "title": "Fc Decorative Transparent Marbles Flat Type 200G - (3/4", "url": "https://bazaar.shopclues.com/"}, {"image": "https://cdn.shopclues.com/images1/thumbnails/103680/200/200/148316190-103680096-1574077816.jpg", "price": "\u20b9229", "source": "SHOPCLUES", "title": "Fc Decorative Pebbles/ Marbles/ Vasefillers Flat Type 2", "url": "https://bazaar.shopclues.com/"}, {"image": "https://www.walmart.com/ip/FloraCraft-Plastic-Cemetery-Vase-With-Foam-and-Removable-Spike-2-9-inch-x-7-2-inch-Stone/519822252", "price": "", "source": "WALMART", "title": "FloraCraft Plastic Cemetery Vase With Foam and Removable Spike 2.9 inch x 7.2 inch Stone", "url": "/ip/FloraCraft-Plastic-Cemetery-Vase-With-Foam-and-Removable-Spike-2-9-inch-x-7-2-inch-Stone/519822252"}, {"image": "https://www.walmart.com/ip/Luna-Bazaar-Vintage-Mercury-Glass-Vase-3-Inch-Ruby-Design-Silver-Decorative-Flower-For-Home-Decor-Party-Decorations-Wedding-Centerpieces/352175685", "price": "", "source": "WALMART", "title": "Luna Bazaar Vintage Mercury Glass Vase (3-Inch, Ruby Design, Silver) - Decorative Flower Vase - For Home Decor, Party Decorations, and Wedding Centerpieces", "url": "/ip/Luna-Bazaar-Vintage-Mercury-Glass-Vase-3-Inch-Ruby-Design-Silver-Decorative-Flower-For-Home-Decor-Party-Decorations-Wedding-Centerpieces/352175685"}]